{"cameraMode":{"drawMode":0,"name":"Shaded","section":"Shading Mode"},"sceneLighting":true,"audioPlay":false,"sceneViewState":{"showFog":true,"showMaterialUpdate":true,"showSkybox":true,"showFlares":true,"showImageEffects":true,"showParticleSystems":true},"in2DMode":false,"pivot":{"x":2.118942975997925,"y":3.4745233058929445,"z":-4.426174163818359},"rotation":{"x":-0.01966709829866886,"y":0.9795582294464111,"z":-0.1804123967885971,"w":-0.09163790196180344},"size":16.40584945678711,"orthographic":false}