{"cameraMode":{"drawMode":0,"name":"Shaded","section":"Shading Mode"},"sceneLighting":true,"audioPlay":false,"sceneViewState":{"showFog":true,"showMaterialUpdate":true,"showSkybox":false,"showFlares":true,"showImageEffects":true,"showParticleSystems":true},"in2DMode":false,"pivot":{"x":-40.461090087890628,"y":4.142862319946289,"z":-18.588939666748048},"rotation":{"x":-0.10884153097867966,"y":0.8566720485687256,"z":-0.20176814496517182,"w":-0.46212321519851687},"size":12.12435531616211,"orthographic":false}